agent_code,performance
f79f587e,medium
fd4ffb55,medium
df2b837a,low
26142387,medium
8f699df7,low
844e21a0,high
af1c7a87,low
890e8652,low
68198d93,low
4ca77240,medium
df6c6fee,medium
7dc61c41,medium
3fa56b2f,medium
c8c41b33,high
647b43a4,high
c09a315b,medium
6d1a5987,high
3d94a6e8,medium
d844716f,medium
e37f0d57,low
0bb2468d,low
f84c1547,medium
e1fdaeaa,high
9db596eb,medium
12e43255,medium
d87ad660,medium
18f0e6f8,medium
2d115488,high
f9e8393e,medium
f236ae90,medium
6c9d3c40,low
4aa5bb82,high
86c9436f,high
54768850,low
3e53c636,low
cd20229a,low
b4162b66,low
66df6d5a,low
a9483c0c,low
64bcc561,low
d4876e5e,high
1d07a8b2,medium
ffca3177,low
7973fc92,low
cc3dfb6a,low
046d7894,low
52de1f9c,medium
2d168116,low
7833e777,medium
4c33101d,high
9108e3de,medium
0a75b64a,medium
ce838c4f,low
86c4b14c,low
1e05b8c4,low
b4d52fea,high
084c02de,low
3eaca3a0,high
ff955d18,high
7d9166e2,low
04cd94ce,medium
4.68E+11,medium
838ca2b3,medium
1b77fbd0,medium
003c1999,high
44c6464f,low
6bd21ccf,medium
e0a2ad11,low
d79899e1,medium
1c95f015,medium
9e6b324e,low
1844e2c4,medium
b8241b24,medium
ca83af7e,medium
d189701f,high
d125cd5b,low
c71f9dae,medium
c2c07b05,medium
ea99911b,high
3c42efd4,high
4ec46520,high
8c4fd446,low
6e578e1b,low
55e876fa,medium
6951b407,medium
f7dbb5bd,medium
ea08d6a6,high
c82ac81c,medium
edfd2d27,high
7d65dcb3,medium
a46b6249,medium
3e8c2a01,high
f846850b,low
344e0483,high
885be06c,medium
2aa84d40,low
9536ec88,medium
250d39cb,low
95489a00,medium
5f13e12d,medium
ff81f975,medium
a6c30232,low
e930f449,low
62379003,medium
624eb18c,medium
56df72a9,medium
641f2147,medium
8f0e0595,low
cacadff9,low
bf8243b7,high
8ac71189,low
b5aec5c3,medium
ce0fda0a,low
5c0601a2,medium
e07699d8,low
ae14c4be,medium
a024a368,medium
bd98e172,medium
e112b2c8,low
2cc86dc1,low
c4c83ee6,low
dc758a61,medium
974da954,low
32dca4d5,medium
89633f45,low
0db1f74b,high
157cd419,medium
c766025d,low
b09dd216,low
36aef680,medium
ad35e92d,medium
dbb83747,medium
17b72bab,low
34ffbdb5,medium
cfbc51d8,medium
d5479db4,medium
62154055,high
786ddd95,low
b4a65fde,low
a982882a,medium
b5ce8afc,medium
06dfa6a3,medium
ffe6c9e9,low
a2892004,medium
0fd5804f,medium
c2d274aa,high
7a1787dc,medium
6e69e08b,low
8afae4e5,high
71c650c2,low
0e123beb,high
2ddf7f26,medium
963a1048,high
62d089a7,medium
cbb757f5,medium
d05744f2,medium
57838cf4,medium
b1e0ad90,medium
f5fbcc73,high
c21ae5a1,high
77a8b54a,medium
ca469b41,medium
357c3868,high
430152bb,low
ee14f4a6,high
a0cc389a,high
fffb525d,low
e548d139,medium
70a5dc07,medium
56edaaf5,medium
5b3a18f8,medium
f7779dc8,high
1e587e04,high
0e0c2212,medium
a74c182c,medium
6452bd08,medium
13e6e2f9,high
a635b43b,high
bc9e6c5d,medium
57797bda,medium
70835cbd,low
c2149c07,medium
9bf16323,medium
a050e91a,medium
39f484d0,medium
ea950cc0,medium
f26c7944,medium
269c4e60,medium
998a39aa,medium
3363b8d9,medium
d59044e1,medium
71607bc6,high
1bdc27c3,medium
1eda1691,medium
c80fe406,low
8f4643ab,medium
0599fb2d,medium
37b41a6c,medium
7abe34d0,medium
6d680538,medium
c363b1ad,medium
26c3dddd,low
071a8882,medium
dbe28988,medium
96471aab,low
e9a97fdc,low
0b1be2b8,low
b564e260,low
52421009,low
1bafe9a2,medium
63eff67e,low
ac15ff9e,medium
328e4201,medium
f09df16e,medium
32e1912c,medium
6f975ef6,high
f6747d56,medium
39b8984c,medium
85857de6,low
f6364d60,low
eed4e1bc,medium
6aae1684,low
660cb327,medium
0a318094,medium
5e72ea09,medium
b4caec29,medium
b09baba0,low
59f16623,medium
48669912,high
1b6476ac,high
7c23e75e,medium
272f6f80,low
816a9c71,low
dff6c023,high
3299ea4c,low
7a480f7f,low
6ffd67f0,high
68c5d5c4,medium
f72d36a1,low
10be4b4c,medium
15047db1,high
44b3f07a,medium
a9431e50,low
6f2f687a,medium
b36727bc,low
89cb3dd5,medium
41d75955,medium
34e9e182,medium
a4eb52e8,high
4fe58569,low
9256cb6d,low
54ca74d2,high
86fcfefe,low
d70de9a7,medium
c2893bda,low
ad927b09,low
9ac134bb,high
60b8427e,medium
89a8cb39,high
e62adc1e,medium
6321a9ef,medium
51dc42f2,low
e728588a,medium
88feb000,high
47e9a908,high
d21ce4ef,high
c1843069,high
dc8c2cc3,high
03216cb4,medium
2e3d2e76,medium
e683ea04,medium
2c435787,low
9.63E+09,medium
012a3553,low
20f326a5,high
ef8d6878,medium
d3ec8dac,medium
aa741268,high
c30cd7d8,medium
a9b4595f,medium
6f0bb1b5,medium
a045b770,medium
2db3122b,medium
e73014ba,medium
25cd5d60,medium
b0bc7872,medium
a7c9fb50,medium
b0c31563,low
4eff9854,low
7bd02f08,low
4aa2a587,high
713a8305,low
d1498ea3,medium
4eb0e534,high
862e2590,high
0b5ebeaa,medium
85f1427f,high
11edb733,medium
08d93405,high
c7627e42,medium
08dd9dac,medium
39fdf86e,low
246a70a6,low
fd35a114,high
53a3110b,high
c9978400,medium
ec18a7a2,medium
05339eaf,low
b95013f1,medium
b03b2550,medium
071c1880,high
601d9d26,medium
f312b5da,medium
85994955,medium
27be2ac1,medium
47c6c65c,medium
61b67baf,high
35998753,high
3d00b9ca,low
12d58408,high
78ab067e,high
47947b4c,medium
3173b081,medium
ef67e31b,low
2c95542c,medium
f4315468,medium
deb74689,medium
50bb84a3,low
96277898,medium
3fae68fe,medium
8a5c31db,medium
744b2429,medium
790d6039,low
74c002f8,medium
f9bd5b6e,medium
779a11fe,medium
e523a957,medium
379c10a1,medium
1d06e191,medium
a09aba1d,medium
a0e4b237,high
f20adb4a,medium
d036ff5d,medium
ea8670e7,medium
decee04f,medium
fb4e1419,medium
8f77f8e4,medium
f3eb210e,medium
54e55461,medium
a02f250c,low
026ffb43,medium
c3e9a960,medium
b6e384ce,medium
f9235b11,medium
d2b2da59,high
01c63d8e,medium
64850856,low
b009bd86,low
e7e3a8b0,medium
ef328cab,high
096ab135,medium
b7e290eb,low
ee147cca,low
3e5ac0ee,medium
19e0d9d3,high
aff0c4c3,medium
93779b01,medium
c724fffa,medium
2ea94d44,medium
f201803d,high
f9450be9,low
62a909fb,medium
5724f683,low
f3d2946a,high
0522b331,medium
2bf63daa,medium
6475a0ed,medium
396d8793,low
c369446c,low
92dd19af,low
7a03b549,low
84a7eaf5,medium
7f69270a,medium
ac9f7073,low
98da75b8,medium
95ab0bc5,low
0330163d,medium
3b8142c2,high
cdbf502d,low
38203463,high
3ce8e9ed,high
51b5ab9b,low
8813423f,low
d28046bc,low
11ee7678,medium
fa5f58d1,high
1f5135c3,medium
f53a20ef,medium
a1d1d855,medium
adbe5d94,medium
be721f54,medium
90758512,medium
0e4770a7,low
fb5f3b17,low
11c7cd6c,low
0a14b2af,medium
3a5a4ac6,low
6698f96f,high
ecd7ba0e,medium
5e7c70cd,medium
6960de8b,high
bf5d0f57,medium
35dd02c7,medium
8.09E+28,medium
f572dd78,high
3c08603a,high
1892831c,medium
cf65cb6d,medium
aac1e99d,low
ca47ecd8,low
b7599490,high
9379e3f2,low
7e01dea3,high
c62748b6,medium
2296c882,medium
52d3b4c8,medium
5e060b04,low
2b84dfe0,low
c37c0096,low
aeec664e,high
d855185c,low
0aaac9a7,medium
1b99b648,medium
53826690,medium
a98bb7aa,medium
29ab6f3f,medium
3d15739c,low
1ab4c789,medium
f21d625b,medium
293115df,high
f42b6c53,low
9828b73c,low
3417b25d,low
c488b483,medium
a35c7842,high
5da2a068,low
9caee735,medium
012f0e15,medium
bb428b4d,high
00d5bda3,high
ede66c35,medium
ab5e22f2,low
9716c60e,low
8b5cd67d,high
765fff3b,medium
da6dbb08,low
49a9d7fa,medium
bbb7ba71,high
400e8f57,low
9dc48356,medium
0f4994af,high
6643513a,low
417f5867,low
e6571109,low
ccd937b8,low
0c22f517,low
f3ba2a6d,medium
c54be95a,high
789ec6d8,high
3af761d0,medium
92647c39,low
041aede5,medium
6717a1a3,medium
fc632ab1,low
0bae2f2d,medium
f96847e4,medium
956005ab,low
b02dee9c,high
97045eb6,high
a40e05c1,high
1b2014ec,medium
7c31eb96,low
507d2705,medium
5fe90f9b,high
79070d83,low
1630a967,low
264728f9,medium
8265855f,medium
b5db7693,medium
9d0bde50,medium
65ca2c59,high
9d27a440,low
0e4280de,medium
09b8e785,high
f37b16d4,high
461a76aa,high
8c867ff9,low
4df767d7,medium
44303003,high
8f18449c,medium
a26f3975,high
ced0898f,high
7c6db591,low
42df1e2f,medium
47c3bcc3,low
a9629fa4,medium
54240662,medium
f713bcd4,medium
4936a505,medium
145cbf5b,medium
bbbcdb24,medium
62a78c32,high
55c823e7,low
2873d9d1,medium
8b1eb4a9,medium
e8401018,medium
f44128d1,medium
7f8d4215,high
c659c596,medium
ff8edcc9,medium
5a4c13f1,low
bdb489c0,high
98e4577e,low
69e592f6,medium
5b80ded5,medium
3a296b6c,medium
bc3a6272,medium
b8796e2e,medium
3c53cbc1,medium
4031618e,low
71a00b5e,medium
7b67b89d,medium
8e04acc1,low
27b10a36,medium
d94be574,medium
a905dc28,medium
5550ec46,low
9901c7de,low
bee6f560,low
88c79618,high
44e1a8af,medium
3c046694,medium
1ff8e6d6,high
bf9913dd,medium
31e59316,low
84ef9ce3,medium
b40d8f4e,medium
cd1f2573,high
5c4dd08c,high
53f114f3,medium
f02a4b71,medium
d4e550ef,medium
026b60ee,medium
0e34a568,medium
52e1374a,low
3a47f9bd,high
458aa9db,medium
3ec02013,medium
0fc88310,medium
b119ccc5,low
df0aaa8d,medium
23a5ee4a,high
ec6df6c6,low
ddff87dd,medium
3c26fc5a,low
c32ae63f,low
1d8f94c7,high
70f300fa,high
428ca558,medium
79ecb6b7,medium
82b8665c,low
833d1afb,low
9fe0462c,high
3cfc52f3,high
23b47704,medium
0acddc02,high
7d66cad7,medium
ec7c6c8a,low
e0d2e878,medium
9c2e3be7,high
c557ab5f,high
f2fcfe25,high
1450745b,low
b1ff85c5,low
196a3da0,high
a6859260,high
01c0860d,high
e8c6770b,medium
c58e2412,low
d4691742,low
cc266f37,medium
f8c957b0,low
1de378ca,high
1235ad70,medium
84bc935c,high
2b4416f2,high
b0142ea6,high
4e65e45e,low
cc2832ba,medium
11029f56,low
08a278cd,high
9ff7cf01,low
fd85f614,medium
26f591b2,medium
afad29ed,medium
695935d8,low
7827b6dc,high
8f887bfa,high
6f6da4c8,medium
35c456a1,medium
a495eaf3,medium
93a839c4,low
64dbef0d,low
0279d0a7,medium
01b0edf6,high
5e002d6b,high
d181f3b3,medium
f38faa04,medium
b2ee1ee7,high
32cc5ccc,medium
65e7321a,medium
1d08e7c3,high
068c4b6c,low
75703031,medium
90ea32ad,medium
2b0a8ba8,high
a14ecd6f,low
52acfbac,low
a30df4f5,medium
0a419b45,high
961e6577,low
6fa65e5e,high
0879757d,medium
3417ed0a,low
7.02E+05,medium
fcbbbef0,low
f13ea268,low
0b51084d,medium
4b50ba06,medium
1a7f1c16,medium
1ec9c089,medium
4a36c4e0,medium
360ed942,high
f90aaa5d,high
d39eadba,low
cdb79d6f,high
01a4ff82,medium
242ff816,medium
0af61868,medium
a0ad55fc,medium
3219e0f5,medium
694db98b,medium
0f4c38b4,low
c1dc776a,high
3df612f0,medium
ee9cdd1a,medium
166ddb3a,high
6c679551,high
ac376335,high
ff542590,medium
7cca0fc1,low
c8377e37,medium
448bb5ec,high
944d7abd,high
c84e7e18,medium
87bc8e5a,medium
ba63f82c,low
b07c503c,high
0a37f9af,high
2022f5a4,low
2504b4ba,medium
655dab4a,medium
328cab7d,medium
bda544ec,medium
dfc23d44,medium
39efba70,medium
67e1eaf0,medium
0aacb7a8,medium
dcc03438,high
54643ae7,medium
9ca2a7ff,low
6ffcf8e2,medium
e4892740,low
de9a845f,medium
10dabaca,medium
6832d07e,low
3dd0c2a1,medium
77831d24,medium
36a0b154,medium
2522b4fe,medium
c158de38,high
9bf2290b,low
c54b46f0,high
64e42473,high
fe7e49da,medium
aa23f1f0,low
9c368468,high
811ab465,medium
68deb531,low
59f2fa1d,low
8ba38ed9,medium
10944892,low
c823ce77,medium
224be699,high
fd62b30c,medium
79c98d49,medium
11ddf2a7,medium
9caa7fdc,high
57480056,medium
3eb7edb4,high
7.28E+05,high
0f111c9b,medium
b18f0678,medium
cde44f96,high
1a1279f8,low
c2370af2,medium
a500afe1,medium
470d81d4,high
3c120430,low
207ecfc9,medium
1ee2b2ae,high
726d4dfd,medium
d67db6dc,low
3068a03e,medium
300ddfbc,medium
d9d6b210,medium
fb219038,high
deae5754,high
40b62a16,medium
0f6f67b0,low
acdb0c76,low
1c413762,low
a2d9fb74,low
877de375,medium
3383fd5c,low
cb64180e,medium
380bd7cc,medium
ed1ab276,medium
5d8cf04d,medium
95185021,medium
6e725ba0,medium
dbfac7a1,high
bc913ebe,low
d7f98932,medium
3.55E+05,medium
b6418dc2,high
3cf0c354,high
8209b2a0,low
70813884,medium
e0d06535,medium
1e3e90f3,medium
b1e5f770,medium
a7b58a6a,low
3273914b,low
8450fe9e,high
0d045ee9,low
580d98ee,medium
9e301c4f,low
c7ee131e,medium
05cb3b30,low
97d645e0,high
a199082b,low
2f8f3b33,low
bca73883,medium
572c0422,medium
5f5eecd9,medium
311a7df5,medium
c698da4c,low
293124a7,medium
868cd194,high
79ba72f9,medium
b2d5499f,medium
55616a7d,low
38aaffd5,medium
739376d2,high
817339ac,medium
01cf7b40,high
b33fc6cb,medium
e4c90b16,medium
7fe3706e,medium
94427825,low
32831c50,low
4d953b7c,medium
19dda843,medium
e9bfb25c,medium
9e2e849a,low
b7fc5d61,low
cbb419aa,medium
5fe00842,medium
d3e24bb5,low
1c54ce8b,medium
f7312aa8,low
057dd1b3,low
afb9ab2c,high
20326773,high
d55b8d32,medium
ef5a212d,medium
fabe7d5c,low
a58bf05b,low
471fdac3,low
5ccac519,medium
af45bd51,medium
db520a0d,medium
fbfad9de,low
88c2ff7a,medium
2883d02e,medium
ad55bf27,medium
f2c082c3,low
b1730def,low
27f35403,low
eb601c15,high
3b689e3b,medium
bbf9f5fe,high
b60f9ab3,low
4609bc37,medium
b919eeca,low
926a4de6,low
4a0b5fa3,low
8f132aa4,high
b9a1ddb2,medium
4d543192,high
e6ecff55,medium
1ac57404,medium
c7f5a4a2,medium
ac3e254b,high
04f897f5,high
0177ed5f,medium
8dab5c95,low
b1dc3ef9,low
5287392d,medium
1cdac474,medium
4a8112fe,medium
de83f6f4,low
8e2e35c7,medium
e56767cf,high
358091af,low
64de3268,high
087ef587,low
45910031,medium
3515f968,medium
0e4db07d,low
27565665,medium
d9b5233a,low
06acbf85,low
7d88bca8,medium
3d80c955,medium
6c9197e8,high
f7136abb,high
9e32a219,medium
c58bfa6e,high
87c0771b,low
c9e6afaa,medium
7167c72f,low
ae4aa5cf,medium
5e628af1,medium
9bcb60ec,low
d6d1f534,high
0439a5fc,medium
d4e99858,high
a2dd881e,low
599c361f,high
bcb430e3,medium
953805f0,low
b9c2f37a,low
ad540940,low
5922d261,high
3812c4ee,medium
ff79f140,high
3c7a8b50,high
54c07c11,medium
d360368b,medium
6289cef1,low
d86153e3,medium
11b6f9e5,low
fbc89964,low
0c0e65a4,medium
140655a0,medium
455ca878,medium
6c207d2a,high
7.99E+12,medium
7f45d13e,medium
750fb3a2,medium
9494149d,low
a1f12a6c,medium
bdf1f1ff,medium
e17cec52,medium
d619d6ac,low
e97ec0e0,high
b9360919,medium
1e3e08fc,medium
5fb6d997,low
904e6c62,medium
deed0e45,high
ea128aeb,low
e906fb9f,low
97eace3e,medium
73fc3821,medium
e63b3cba,low
232f671f,low
bc0e04ce,high
d3b44e44,low
0b1d7054,medium
51321fa2,medium
dd4a0d2d,medium
393f3bf6,medium
